gene,logFC,AveExpr,t,P.Value,adj.P.Val,B
PDE4B,-1.4242392028835507,7.219901186215334,-7.493315546957369,2.435555418653705e-12,1.2177777093268525e-09,17.62903660040928
MS4A4A,2.971447285009487,7.992110264173311,7.181886067864482,1.4943585731076078e-11,2.991343936639516e-09,15.875326492968291
HLADRA,-2.0075143629220267,10.545972241400252,-7.150038256406736,1.7948063619837097e-11,2.991343936639516e-09,15.698331240201185
GAPDH,1.3471764159420854,12.69361125330494,7.041320124980128,3.34322288001672e-11,4.1790286000209e-09,15.09752018055105
HLA.DMB,-1.9373326849579784,8.189155291271456,-6.797108425865905,1.3260610759593496e-10,1.3260610759593496e-08,13.76762896407266
BTN2A2,-1.922234160130696,5.017444693148862,-6.226635913082351,2.964440980292538e-09,2.3656182088144936e-07,10.774624973471163
IFIT1,-5.340272053722619,8.468189600314338,-6.205711842749246,3.311865492340291e-09,2.3656182088144936e-07,10.66804974237456
IFIT5,-2.5712958005797004,8.79532398881349,-6.165788488201956,4.089088810957112e-09,2.49937634592404e-07,10.465358749590756
PLEKHO1,-1.3667510186961287,8.632474002895663,-6.147648676093938,4.498877422663272e-09,2.49937634592404e-07,10.37354862909605
XAF1,-3.283414374729551,7.4262916421193825,-6.014882149378349,9.002156345167015e-09,4.5010781725835073e-07,9.707087110314838
EPSTI1,-2.733548752727427,9.960668157194712,-5.9302780475300745,1.393593416690113e-08,6.334515530409604e-07,9.28751886177194
RTP4,-3.124990893227867,7.170294676086557,-5.877297744675634,1.8285606126481692e-08,7.619002552700705e-07,9.026846271385217
LY86,-1.5120448471400532,7.940446329100702,-5.75379364967132,3.4234350370474046e-08,1.222655370374073e-06,8.425465385019315
IFI44L,-4.141690008085442,10.20039668957973,-5.654573631113839,5.6302144618566406e-08,1.8767381539522137e-06,7.948807462615206
HK3,1.6715002845985063,10.060198711448633,5.541009445749637,9.880352492619664e-08,3.0876101539436453e-06,7.410464401511837
OAS1,-2.9415293159107576,9.320940468274346,-5.481417281054909,1.323174973184438e-07,3.891691097601288e-06,7.131106719932126
S100A12,2.8321169652292904,13.67606366791004,5.453864996855901,1.5133958607911302e-07,4.203877391086473e-06,7.0026843374516945
TIMP1,1.200704935266257,9.879113410464802,5.330205441137276,2.749927740031931e-07,6.874819350079828e-06,6.4321181067871445
HSH2D,-1.6871750713002192,8.252969783322612,-5.259606850099935,3.8510536767132593e-07,9.169175420745856e-06,6.110695018973387
BPI,2.6172154521429145,7.220986800134108,5.226664880003289,4.501606789553174e-07,1.023092452171176e-05,5.961803846485762
TCN1,2.4795152707869614,7.834799594443042,5.2011097360942165,5.078706197637674e-07,1.1040665647038421e-05,5.846779847330541
IFIH1,-2.1344252790886222,8.35519287727471,-5.175498209017694,5.72896951873784e-07,1.1799910517120713e-05,5.7319249363872755
CD177,4.352510763779023,9.693475444363663,5.1692331128831945,5.899955258560357e-07,1.1799910517120713e-05,5.703893753557174
LGALS1,1.2905143997019237,10.571178690342716,5.124394807835859,7.276869649638871e-07,1.3847257660193116e-05,5.50402378669023
S100A9,1.7562498083119127,16.75049275489652,5.113824730103101,7.644324809687897e-07,1.3847257660193116e-05,5.457097902619464
LCN2,3.6479546437070893,8.237727874786039,5.110752486751788,7.754464289708145e-07,1.3847257660193116e-05,5.443472382516046
LY6E,-2.6466811138983153,9.61604726045504,-5.078118702157896,9.023670471847879e-07,1.5558052537668757e-05,5.299122396067076
IFIT3,-3.415757230847907,10.05463542822377,-5.037156989392788,1.090430342663669e-06,1.7336583092007988e-05,5.118927901904173
GADD45A,2.0276081230203586,8.362853208111211,5.033385924940281,1.1095413178885113e-06,1.7336583092007988e-05,5.102394403407774
SAMD9,-1.585819350453397,9.02179709738397,-5.003461691930033,1.2731476525466628e-06,1.929011594767671e-05,4.9715321179014635
TGFBI,-2.3001349925391574,7.029215795607612,-4.947577718452495,1.6434825706240027e-06,2.4109352670836483e-05,4.728743959059048
HLA.DPB1,-1.463484373082516,9.488918104178394,-4.94174722671628,1.6876546869585536e-06,2.4109352670836483e-05,4.703533936120507
IFIT2,-3.348251020128849,9.166397053976707,-4.8951464942615805,2.0844974281153643e-06,2.895135316826895e-05,4.502863871159724
ZDHHC19,3.335334359890119,6.585834384152595,4.849033293493296,2.5653906928896575e-06,3.466744179580618e-05,4.305741140368069
HMGB1,-1.2075209254480668,6.491075928161964,-4.817435257957059,2.955140516639472e-06,3.866681477481105e-05,4.171504116137993
MMP9,2.6626713468984837,9.42407106297892,4.780482781141992,3.4837611541966886e-06,4.3547014427458606e-05,4.015388331610747
MMP8,4.208944325145574,8.059365376072888,4.772859208936883,3.603664378144621e-06,4.3947126562739284e-05,3.9832974185645567
SIGLEC1,-3.0976524754561585,5.301754825765474,-4.760777204272419,3.801898266076382e-06,4.526069364376645e-05,3.932521194907454
ESPL1,2.715306661587817,2.2762959179537203,4.745081990979757,4.0751968661537685e-06,4.738601007155544e-05,3.8667106979760932
OAS2,-2.4569191446264567,9.163515783572779,-4.667947217263154,5.718387650663792e-06,6.353764056293102e-05,3.545770535775474
RETN,3.7918023566894035,6.4493500925049965,4.646195328832242,6.287078532428509e-06,6.83378101350925e-05,3.456017582709195
IFI6,-2.426184145685859,10.25695830391457,-4.608840806209777,7.393247681044114e-06,7.865157107493738e-05,3.302661530925614
SCO2,-1.326703290405444,6.526440112602042,-4.558641630272338,9.17860282569194e-06,9.56104461009577e-05,3.098127107810268
MX1,-2.5285389227775132,10.051234687440667,-4.482330666153771,1.2710114024464831e-05,0.00012969504106596767,2.790642351574358
JAK3,1.0568038422940993,8.860943518956635,4.466765798744692,1.3575979128647355e-05,0.00013575979128647355,2.7284389634416
H3N2_NS1,3.260760353440783,2.9280971309923105,4.455833136331661,1.4217767742301302e-05,0.00013938987982648336,2.6848521584935545
TLR7,-2.0079461462586505,3.825541553874298,-4.451188053347618,1.4499191049794682e-05,0.0001394152985557181,2.6663590723272756
DUSP4,2.624037305983228,3.379079675063667,4.432312240276607,1.5698852407122603e-05,0.00014590406837319703,2.5913709280451362
IFI44,-2.57528377170892,9.3126183825308,-4.401452059927583,1.7868176995137736e-05,0.00016243797268307035,2.469328882875147
CCL5,-1.3517780201254024,8.786824160711008,-4.339641534815399,2.311009594380629e-05,0.0002063401423554133,2.226975841077473
H1N1_NS1,2.1837807584261064,1.782504763313841,4.3212285344162575,2.493780638448137e-05,0.00021498108952139113,2.1553213632339654
CASP3,-1.0164797795660898,8.039504623386213,-4.312003356843971,2.5904851541456483e-05,0.0002195326401818346,2.1195152187580915
RBP7,-1.2340998601643942,7.21001104375053,-4.287404757754921,2.8662326063311982e-05,0.00023885271719426652,2.0243461831909313
RPGRIP1,-1.580193392219061,4.056903029884798,-4.264517644490739,3.147883224202832e-05,0.00025802321509859277,1.9362003799067855
IL13,2.162894686219247,1.2610568794916273,4.226095670911145,3.681237566097615e-05,0.0002921617115950488,1.7890987321547156
CEACAM1,1.9509569349400664,7.986598265017791,4.197079663787213,4.140246571965834e-05,0.0003234567634348308,1.6787375408091636
DDX58,-1.755219011886663,8.09699564111106,-4.162402602764889,4.760721253018629e-05,0.00036173952949355884,1.5476712658628502
CMPK2,-2.7665674554342807,8.170298971975255,-4.161658566731309,4.7749617893149765e-05,0.00036173952949355884,1.5448689788066714
KLRC1,-1.3381558927437145,5.388753236216768,-4.144657734994173,5.111661267007258e-05,0.00036721103350821383,1.4809516618292422
LIPF,1.254196285762763,0.32710535946336355,4.144415288848337,5.1166230718716326e-05,0.00036721103350821383,1.480041720809921
EVI2A,-1.4317011747712343,9.441803843512917,-4.143777782379814,5.129691983714337e-05,0.00036721103350821383,1.4776492635110552
TMEM51,-1.4277348318588232,4.0638352497026204,-4.139683083380605,5.214396675816636e-05,0.00036721103350821383,1.4622898302433223
RSAD2,-3.291229924581328,9.331128343754688,-4.030126806026699,8.045659820815203e-05,0.0005363773213876802,1.056053056180943
DEFB114,1.7733794714462128,1.0532744478073046,3.997624317435748,9.135150922356463e-05,0.000600996771207662,0.9372924770708497
LTF,2.42728021012056,7.61087061654848,3.946812863660937,0.00011124171885982718,0.0007223488237651115,0.7532590600744031
CCL2,2.058216458598336,3.1107537173470607,3.936698256421061,0.00011566442739500401,0.0007348218981355865,0.7168627218709291
EBI3,1.7758103350333498,2.532011820281909,3.932631041169739,0.00011748955160527521,0.0007348218981355865,0.7022495836011382
FURIN,1.0801035079091235,6.8418602110029045,3.9324498261857492,0.00011757150370169384,0.0007348218981355865,0.701598792339829
HERC5,-2.5910115691335234,8.436940731642505,-3.9217839012227014,0.00012249188760395357,0.0007561227629873678,0.6633394050472861
IL1A,2.241131507963649,2.762247234619323,3.915677956364717,0.00012539608941185095,0.0007646103012917741,0.6414766451359419
ETV7,-2.195298793531967,3.6592094550822787,-3.860042093315634,0.0001550463667423443,0.0009340142574840018,0.44360327814676115
PARP12,-1.3640119848870778,8.506262987019278,-3.85173246496775,0.0001600087645893572,0.0009524331225556976,0.41425647822225553
FASLG,-2.049398024472933,2.8590952535770215,-3.827468305348772,0.0001753753925793783,0.0010316199563492842,0.3288727469973596
DHX58,-2.179344044986726,5.481916020261927,-3.819194606420634,0.00018092765375679094,0.001051904963702273,0.29986367946419534
OAS3,-2.4730692242635883,7.828815394870926,-3.7941909422464377,0.00019873677379763022,0.00111649872920017,0.21252303296194697
STX1A,1.5264627142444966,2.863150275672238,3.750390387640123,0.00023399998726055465,0.0012999999292253035,0.06070952640021687
OASL,-1.9760970201998211,7.927458878224735,-3.738502902152215,0.00024454620476871213,0.0013436604657621545,0.01976882311431183
CD24,1.6051588207795269,8.687540964163015,3.6925337608844475,0.00028970934650164706,0.001574507317943734,-0.13749474165967612
GZMA,-1.9207003241695264,6.700562053225103,-3.6068416208928262,0.00039565835917913886,0.0020824124167323097,-0.4261532328046922
ZCCHC2,-1.3119894940122154,7.562352164067485,-3.5991157905736477,0.0004068229373185909,0.0021188694652009943,-0.4518886804355926
S100A8,1.746206104870671,14.81815868939028,3.595940838443248,0.0004114964874688708,0.002121115914787994,-0.46245080681316875
HERC6,-1.4799781613893548,6.794513524242414,-3.5915896193072343,0.0004179836517361854,0.0021325696517152317,-0.4769128374573599
SAMD9L,-1.3116472297134685,8.962717956168294,-3.5736796214546183,0.00044571250075677883,0.0022510732361453473,-0.5362791033686083
TULP2,1.612609380984821,1.2032334596390788,3.5587628849735373,0.00047011855228362633,0.002345422482366664,-0.585525946044374
ZBP1,-1.470933996390371,7.9344530869411045,-3.550919347843867,0.0004834504903938696,0.0023698553450679886,-0.6113488107016183
GNA15,1.2394892759283889,5.041555387941878,3.487542459360177,0.0006049708230475075,0.002908513572343786,-0.8181705496033329
KLRC3,-1.1379235248734179,5.761789951750098,-3.439516146937739,0.0007155506266399623,0.0033436945170091693,-0.9727182987486955
MS4A1,-1.1858502867360352,8.270925709633634,-3.4014766441173316,0.0008162804524004586,0.003779076168520642,-1.0937877449806104
ISG15,-2.2241434882389175,9.880708797897237,-3.389692050678864,0.0008500829614096846,0.003899463125732498,-1.131053578002212
FCER1A,-2.4454454152502954,2.9217755748987035,-3.3115589888025108,0.0011094722837747461,0.0049530012668515455,-1.3752289753476532
TRAT1,-1.0472485172289083,7.576413373327857,-3.286788282512125,0.0012060171435094756,0.00528954887504156,-1.451583715408315
STAT2,-1.346071644524803,6.86512893717806,-3.2798982044845033,0.001234230041371449,0.005366217571180213,-1.4727313289054038
DDX60,-1.4266055676051896,8.685430125254385,-3.2698258914505907,0.0012765802410228187,0.00550250103889146,-1.503574924153467
C5,-1.6740202201732473,2.8781864846555667,-3.2579013693300425,0.0013284649705373561,0.00567720072879212,-1.539980956137236
HAL,-1.3390001005101735,7.491104095809462,-3.19948821141916,0.0016121613050465039,0.006625455918585522,-1.716599844222543
MPO,1.9351959163321688,4.036319838039287,3.098955686149626,0.0022354106531591676,0.00901375263370632,-2.013848250226066
MME,-1.6305757699754289,8.304814598314058,-3.0821712509081407,0.0023589557189119398,0.009381904101823263,-2.062642092622597
EPHB2,-1.5400232766821147,1.652510683979938,-3.078998803579257,0.002383003641863109,0.009381904101823263,-2.0718377780591615
CTSL1,1.457466505213542,5.104667935526123,3.0383495605915094,0.0027118152193898195,0.010593028200741482,-2.1889057107150416
DEFA1.1B.3,2.1641856960500814,12.456919768501919,3.014079335311457,0.002927559330391415,0.011287776015076635,-2.258130594562659
CD40LG,-1.5781242252019203,4.603179072186185,-3.013291325090085,0.002934821763919925,0.011287776015076635,-2.260369758608525
TMEM204,-1.7340652085240726,3.994210452134262,-2.9957190038985373,0.0031011380496612628,0.011836404769699476,-2.310164116579889
OSBPL10,-1.2037242371391965,4.987510426177518,-2.955824781349886,0.0035113562555927373,0.013102075580569916,-2.422228303793333
JUP,-1.4711033616322091,5.1768937280290075,-2.928952532559838,0.003815113724853587,0.01402615340019701,-2.496941755985655
CD244,-1.381791949541642,2.661837668106512,-2.917185022100484,0.003955557299733628,0.014436340509976744,-2.529463182590278
GPAA1,1.304268313608003,4.194973826783622,2.875671832371414,0.004489636188420862,0.016149770461945545,-2.643235741441003
ARG1,1.8255014840574724,9.087675936098588,2.8667358883684106,0.004612886050761358,0.01635775195305446,-2.6675307200833314
CAMK4,-1.0971099494502392,5.913283272414055,-2.80780707382142,0.005506049145388557,0.018986376363408816,-2.826008620481329
CD79A,-1.110381603134335,7.813146967060517,-2.8013363809824363,0.005613152595937557,0.019223125328553275,-2.8432260780577354
IL15,-1.3765703729037615,3.461623453109656,-2.7827135410786674,0.005932054949757126,0.020177057652235122,-2.892574446268324
CLEC1B,1.2305263616056559,4.323155631890313,2.766454823562309,0.006223834133005833,0.021026466665560246,-2.9354103261973474
CCL22,1.14739745105114,1.5640282420356117,2.712873424557823,0.007279905644094385,0.024001294820559328,-3.0749385120727273
InfB_M1,1.2226360777605196,2.1233313691649784,2.642434001764366,0.008914142413120382,0.028388988576816505,-3.254522704209533
ELANE,1.690273814714444,4.682856173144104,2.6322467578308943,0.009176048591630221,0.029038128454526017,-3.2801322220713147
KLRC2,-1.5177180313555783,3.597335456501968,-2.628544920412848,0.00927292154252732,0.029160130636878365,-3.2894154427899096
GBP1,-1.012237103854771,8.84217957342818,-2.5944781007879487,0.010208518791461977,0.031123532900798712,-3.3742756741732123
IRF7,-1.045105627344641,8.037064521714322,-2.5885588489301044,0.01037945785884569,0.0314529026025627,-3.3889154634221152
CASP12,1.0806304036473233,1.0803489826072767,2.554210669781301,0.011423009278749294,0.03359708611396851,-3.4732520930131225
IL1B,-1.0329969255625053,7.082326106130902,-2.5330584489630388,0.0121114271042774,0.03541352954467076,-3.524665221941402
CPA3,-1.1356155162919523,1.3314517607158385,-2.481455889028474,0.013948722590319962,0.03962705281340898,-3.648414766450308
PDGFB,1.170040298377368,1.4586493384252217,2.4257846592650862,0.016205216454065856,0.04526596774878731,-3.7792448878120415
NEXN,-1.078189232916618,4.2433772048490335,-2.414054036205825,0.016720014807801258,0.04618788620939574,-3.8064569609254053
